{"cameraMode":{"drawMode":0,"name":"Shaded","section":"Shading Mode"},"sceneLighting":true,"audioPlay":false,"sceneViewState":{"showFog":true,"showMaterialUpdate":false,"showSkybox":true,"showFlares":true,"showImageEffects":true,"showParticleSystems":true},"in2DMode":false,"pivot":{"x":18.10562515258789,"y":40.89552688598633,"z":-1.132809042930603},"rotation":{"x":-0.24206414818763734,"y":0.6645623445510864,"z":-0.24219955503940583,"w":-0.664154589176178},"size":13.078042984008789,"orthographic":false}