{"cameraMode":{"drawMode":0,"name":"Shaded","section":"Shading Mode"},"sceneLighting":true,"audioPlay":false,"sceneViewState":{"showFog":true,"showMaterialUpdate":false,"showSkybox":true,"showFlares":true,"showImageEffects":true,"showParticleSystems":true},"in2DMode":false,"pivot":{"x":23.098800659179689,"y":25.49144744873047,"z":16.689725875854493},"rotation":{"x":-0.145971417427063,"y":0.5603039860725403,"z":-0.10108166188001633,"w":-0.8090329170227051},"size":174.2071533203125,"orthographic":true}