{"cameraMode":{"drawMode":0,"name":"Shaded","section":"Shading Mode"},"sceneLighting":true,"audioPlay":false,"sceneViewState":{"showFog":true,"showMaterialUpdate":false,"showSkybox":true,"showFlares":true,"showImageEffects":true,"showParticleSystems":true},"in2DMode":false,"pivot":{"x":-5.756338119506836,"y":-2.2085018157958986,"z":0.8321198225021362},"rotation":{"x":0.07391413301229477,"y":-0.714604914188385,"z":0.07639466971158982,"w":0.6914047598838806},"size":13.572442054748536,"orthographic":true}